free_nodes,Potential
44,4.09565378494
84,4.0293004267
144,4.04924234227
220,4.04842418477
