free_nodes,Potential
44,4.095653785
84,4.029300427
144,4.049242342
220,4.048424185
312,3.99585225
406,3.989766296
544,3.963208292
666,3.969194918
